{
  "spot": {
    "median": {
      "SE3": [
        28.03,
        27.25,
        27.53,
        28.425,
        31.0,
        41.254999999999995,
        64.66,
        77.72,
        74.175,
        67.16499999999999,
        60.965,
        57.335,
        54.14,
        51.265,
        51.385000000000005,
        52.065,
        67.45,
        77.88,
        66.545,
        46.485,
        41.394999999999996,
        36.275000000000006,
        31.025,
        29.365000000000002
      ],
      "SE2": [
        4.71,
        4.855,
        4.655,
        4.960000000000001,
        5.29,
        4.91,
        5.32,
        5.84,
        6.65,
        6.465,
        6.205,
        6.890000000000001,
        6.574999999999999,
        7.225,
        7.06,
        6.605,
        5.95,
        5.4,
        5.195,
        5.505,
        5.59,
        5.23,
        5.085,
        4.92
      ],
      "NO3": [
        10.120000000000001,
        10.170000000000002,
        9.725000000000001,
        10.495000000000001,
        10.83,
        10.969999999999999,
        13.27,
        15.85,
        14.875,
        15.649999999999999,
        15.475,
        13.95,
        15.73,
        16.134999999999998,
        16.97,
        17.335,
        19.17,
        16.48,
        16.560000000000002,
        16.73,
        13.74,
        12.530000000000001,
        10.42,
        10.585
      ]
    },
    "std": {
      "SE3": [
        27.03341325987572,
        26.44521129295335,
        25.69158094575696,
        26.74685035273408,
        29.29816840020291,
        42.45171110604407,
        59.710593130921076,
        73.56362288085967,
        58.34800304018726,
        51.03779736107566,
        44.908838594025845,
        41.81992154135478,
        40.36076224437998,
        41.93786156219666,
        48.72947048306144,
        56.83932749913581,
        65.17489727719936,
        63.452118607108844,
        54.47684262566905,
        44.2128405965389,
        39.93304505712814,
        32.76655600217648,
        26.163334305485787,
        28.547874820846182
      ],
      "SE2": [
        15.975163767860794,
        15.164547075401808,
        14.56640555203552,
        13.98232972899284,
        16.195109911376065,
        22.777131316163747,
        36.05353529288982,
        40.15355461711814,
        38.64153271486544,
        34.9270167008264,
        36.05698927851609,
        34.274190515736514,
        33.58159999009482,
        34.24804739970618,
        33.9200410704179,
        34.00304836729641,
        35.00536403988819,
        35.40805712254222,
        32.80270198970635,
        27.207874523068114,
        23.644251593811138,
        21.56689902254734,
        16.886656134405712,
        17.051264713331374
      ],
      "NO3": [
        17.67533677934194,
        17.35876812499016,
        16.91963283465972,
        15.133850865483577,
        15.660156495204436,
        23.94699541496661,
        35.775105925033515,
        37.689503262359864,
        43.69968196917529,
        37.855400807197185,
        34.350853197176356,
        32.58394092836424,
        32.157872907596605,
        32.931413030408564,
        32.44932381177477,
        33.34487711445932,
        35.41861269530042,
        33.68347084791275,
        30.995712868990857,
        26.699168063063226,
        24.42570179344891,
        21.130843396780914,
        16.40899003856949,
        18.81788696259073
      ]
    }
  },
  "reg": {
    "median": {
      "SE3": [
        26.515,
        25.314999999999998,
        25.185000000000002,
        25.32,
        28.240000000000002,
        36.0,
        51.864999999999995,
        65.435,
        63.834999999999994,
        63.885,
        56.14,
        45.0,
        45.0,
        44.94,
        45.5,
        46.08,
        59.0,
        61.155,
        50.25,
        41.25,
        40.010000000000005,
        37.955,
        31.35,
        30.59
      ],
      "SE2": [
        2.0,
        1.5,
        1.105,
        0.505,
        0.775,
        2.115,
        2.335,
        0.6,
        1.62,
        2.425,
        2.525,
        6.395,
        6.18,
        6.44,
        4.96,
        5.305,
        5.795,
        6.675,
        3.615,
        2.5,
        2.2800000000000002,
        2.25,
        2.0,
        2.9850000000000003
      ],
      "NO3": [
        9.86,
        9.905000000000001,
        8.45,
        8.030000000000001,
        9.0,
        10.254999999999999,
        11.855,
        14.0,
        13.905000000000001,
        14.629999999999999,
        14.43,
        15.030000000000001,
        14.719999999999999,
        15.495000000000001,
        16.560000000000002,
        15.969999999999999,
        16.14,
        16.48,
        16.325,
        12.97,
        13.395,
        11.059999999999999,
        9.625,
        10.24
      ]
    },
    "std": {
      "SE3": [
        138.73806985994366,
        137.12108875303306,
        105.9089412484014,
        60.52540062051259,
        173.22767357750547,
        310.0039766107144,
        188.68366344411623,
        149.35522971468637,
        86.00747469892295,
        1151.403744490374,
        75.5745993508137,
        74.51184668632666,
        76.30751826173642,
        42.69863129103115,
        125.24392108757449,
        72.50928768095851,
        232.568741457927,
        242.45821261445582,
        100.62793203828615,
        61.79619116557844,
        73.71076584216705,
        286.82221431721604,
        71.82288104318492,
        52.19847317234044
      ],
      "SE2": [
        137.58505665238815,
        137.49367471040438,
        101.21860292342552,
        51.41387596901446,
        129.20943371094484,
        136.58405158067006,
        141.57032931484275,
        70.71612705719629,
        47.23581762560063,
        43.16027635818724,
        43.70633429389808,
        41.634979223539894,
        73.16179040685584,
        32.49097588545041,
        130.85401312645507,
        40.76861821057788,
        227.58354147144343,
        228.31031971390075,
        43.24157872375677,
        29.08879702559255,
        27.854212833540593,
        27.765315834069867,
        22.955601245270312,
        20.77117085891923
      ],
      "NO3": [
        16.543502013306192,
        19.19225356990192,
        18.855835615873755,
        16.21217504591932,
        16.196441445961685,
        24.54783254948232,
        48.19940349652017,
        119.02192336025308,
        119.314312854127,
        36.10861730502496,
        32.88009191973582,
        30.564279218189064,
        30.635810451927,
        25.10160253296573,
        24.744880880262762,
        38.91420980290474,
        40.648659202298404,
        46.99004368818117,
        45.20048457406855,
        29.374407921185774,
        25.202157872424188,
        20.844729385243753,
        21.1570753977746,
        19.6048943942712
      ]
    }
  }
}