{
  "spot": {
    "median": {
      "NO3": 13.43,
      "SE2": 5.38,
      "SE3": 39.38
    },
    "std": {
      "NO3": 29.315982453155232,
      "SE2": 29.225850105660477,
      "SE3": 50.13958681712506
    }
  },
  "reg": {
    "median": {
      "NO3": 11.75,
      "SE2": 2.67,
      "SE3": 40.0
    },
    "std": {
      "NO3": 45.96111536986059,
      "SE2": 103.0548851651448,
      "SE3": 278.22842386648057
    }
  }
}