park,dayahead_median,prod_median,diff_median,dayahead_std,prod_std,diff_std
klevberget,826.0,811.37,16.60500000000016,863.006623464192,846.2189305025598,467.8709913023258
maalarberget,1106.95,941.8349999999999,-48.29499999999996,698.0520880878906,632.4182508287001,304.97329991187956
roan,2569.3600000000006,2500.86,-108.42999999999995,1687.9847490459758,1641.703616737639,854.3248975755497
