park,dayahead_median,prod_median,diff_median,dayahead_std,prod_std,diff_std
klevberget,818.8,788.0149999999999,2.5300000000000122,873.4635165950153,855.3489625655948,457.6710686060335
maalarberget,1106.95,941.8349999999999,-48.29499999999999,698.0520880878906,632.4182508287001,304.9732999118796
roan,2569.3600000000006,2500.86,-108.43000000000002,1687.9847490459758,1641.703616737639,854.3248975755495
