{
  "klevberget": {
    "median": 0.0,
    "mean": 842.3249789473683,
    "stdev": 4648.507663178429,
    "diff_median": 0.0,
    "diff_mean": 880.9028381578946,
    "diff_stdev": 4644.4460214233695
  },
  "maalarberget": {
    "median": 62798.8842,
    "mean": 58646.40728157895,
    "stdev": 110145.77346505453,
    "diff_median": -16835.45105000002,
    "diff_mean": -26765.289489473686,
    "diff_stdev": 123688.01077433936
  },
  "roan": {
    "median": 31631.643749999996,
    "mean": 30594.402555263157,
    "stdev": 20980.840638176334,
    "diff_median": -518.3866499999913,
    "diff_mean": -1962.1854276315785,
    "diff_stdev": 11267.542498700486
  },
  "total": {
    "median": 86230.58894999998,
    "mean": 90083.13481578947,
    "stdev": 114967.54342868338,
    "diff_median": -21015.29340000001,
    "diff_mean": -27846.57207894737,
    "diff_stdev": 126858.39176119202
  }
}