park,median,mean,stdev,diff_median,diff_mean,diff_stdev
klevberget,2891.1591500000004,3520.68055,2946.2513240689386,0.0,-2.5937157894736105,365.95067366543424
maalarberget,14995.498950000001,14930.358659210526,40370.01917763331,-6747.430650000002,-11890.159727631579,43014.82743122545
roan,20601.26505,21254.255161842106,14017.905471920665,-118.8003499999977,-136.01893684210518,960.4574014285889
total,38950.017850000004,39705.29437105263,44625.2556745756,-6305.120149999999,-12028.772380263157,43092.01173445729
